block_id,block_name,artwork type,exhibit_name,labels,timestamp,explorer,path_artwork,path_description
0,The Genesis,garden,The First Million,"memorable,genesis",Jul-30-2015 03:26:13 PM +UTC,https://etherscan.io/block/0,./exhibits/0/artwork.png,./exhibits/0/description.txt
1,The Ethereum Frontier,garden,The First Million,"hardfork,genesis",Jul-30-2015 03:26:28 PM +UTC,https://etherscan.io/block/1,./exhibits/1/artwork.png,./exhibits/1/description.txt
762,Oldest One-time Miner,cryptoarte,The First Million,milestone,Jul-30-2015 03:55:08 PM +UTC,https://etherscan.io/block/762,./exhibits/762/artwork.png,./exhibits/762/description.txt
88090,The First ICO: Augur,cryptoarte,The First Million,"memorable, tokensale",Aug-15-2015 01:34:16 AM +UTC,https://etherscan.io/block/88090,./exhibits/88090/artwork.png,./exhibits/88090/description.txt
515000,DevCon-1: London,garden,The First Million,milestone,Nov-09-2015 05:54:45 PM +UTC,https://etherscan.io/block/515000,./exhibits/515000/artwork.png,./exhibits/515000/description.txt
1000000,One Million Blocks,cryptoarte,Early Days – theDAO,milestone,Feb-13-2016 10:54:13 PM +UTC,https://etherscan.io/block/1000000,./exhibits/1000000/artwork.png,./exhibits/1000000/description.txt
1150000,Homestead Fork,garden,Early Days – theDAO,hardfork,Mar-14-2016 06:49:53 PM +UTC,https://etherscan.io/block/1150000,./exhibits/1150000/artwork.png,./exhibits/1150000/description.txt
1428757,theDAO is deployed,cryptoarte,Early Days – theDAO,"memorable, theDAO, tokensale",Apr-30-2016 01:42:58 AM +UTC,https://etherscan.io/block/1428757,./exhibits/1428757/artwork.png,./exhibits/1428757/description.txt
1718497,theDAO is drained,cryptoarte,Early Days – theDAO,"infamous, theDAO",Jun-17-2016 03:34:48 AM +UTC,https://etherscan.io/block/1718497,./exhibits/1718497/artwork.png,./exhibits/1718497/description.txt
1920000,theDAO Fork,garden,Early Days – theDAO,"hardfork,theDAO",Jul-20-2016 01:20:40 PM +UTC,https://etherscan.io/block/1920000,./exhibits/1920000/artwork.png,./exhibits/1920000/description.txt
2283416,EXTCODESIZE DoS Attack,cryptoarte,Denial of Service,"infamous, DoSAttacks",Sep-18-2016 06:04:56 PM +UTC  ,https://etherscan.io/block/2283416,./exhibits/2283416/artwork.png,./exhibits/2283416/description.txt
2290000,DevCon-2: Shanghai,garden,Denial of Service,"milestone, DoSAttacks, theDAO",Sep-19-2016 08:36:02 PM +UTC,https://etherscan.io/block/2290000,./exhibits/2290000/artwork.png,./exhibits/2290000/description.txt
2421507,“Suicide Bomb” DoS Attack,cryptoarte,Denial of Service,"infamous, DoSAttacks",Oct-11-2016 03:55:16 PM +UTC ,https://etherscan.io/block/2421507,./exhibits/2421507/artwork.png,./exhibits/2421507/description.txt
2463000,Tangerine Whistle,cryptoarte,Denial of Service,"hardfork,DoSAttacks",Oct-18-2016 01:19:31 PM +UTC,https://etherscan.io/block/2463000,./exhibits/2463000/artwork.png,./exhibits/2463000/description.txt
2675000,Spurious Dragon,cryptoarte,Denial of Service,"hardfork,DoSAttacks",Nov-22-2016 04:15:44 PM +UTC,https://etherscan.io/block/2675000,./exhibits/2675000/artwork.png,./exhibits/2675000/description.txt
3141592,The Most Recent Pi Block,garden,The Bull Times,milestone, Feb-07-2017 08:44:26 PM +UTC,https://etherscan.io/block/3141592,./exhibits/3141592/artwork.png,./exhibits/3141592/description.txt
4041169,Parity Multisig Public Init Hack ,garden,The Bull Times,"infamous, tokensale",Jul-18-2017 10:28:36 PM +UTC ,https://etherscan.io/block/4041169,./exhibits/4041169/artwork.png,./exhibits/4041169/description.txt
4170700,Decentraland MANA sale startBlock,cryptoarte,The Bull Times,"memorable, dapp, tokensale",Aug-17-2017 09:21:54 PM +UTC,https://etherscan.io/block/4170700,./exhibits/4170700/artwork.png,./exhibits/4170700/description.txt
4321454,The Terraform Event,garden,The Bull Times,"memorable, dapp",Sep-29-2017 09:09:19 AM +UTC,https://etherscan.io/block/4321454,./exhibits/4321454/artwork.png,./exhibits/4321454/description.txt
4370000,Metropolis Byzantium,garden,The Bull Times,hardfork,Oct-16-2017 05:22:11 AM +UTC,https://etherscan.io/block/4370000,./exhibits/4370000/artwork.png,./exhibits/4370000/description.txt
4470000,DevCon-3: Cancun,garden,The Peak of Inflated Expectations,"milestone, tokensale",Nov-01-2017 11:35:19 AM +UTC,https://etherscan.io/block/4470000,./exhibits/4490000/artwork.png,./exhibits/4490000/description.txt
4501969,Parity Multisig Library Suicide,cryptoarte,The Peak of Inflated Expectations,"infamous, tokensale",Nov-06-2017 03:25:21 PM +UTC ,https://etherscan.io/block/4501969,./exhibits/4501969/artwork.png,./exhibits/4501969/description.txt
4605346,CryptoKitty #1 is born,garden,The Peak of Inflated Expectations,"memorable, dapp",Nov-23-2017 06:19:59 AM +UTC,https://etherscan.io/block/4605346,./exhibits/4605346/artwork.png,./exhibits/4605346/description.txt
4752008,The Birth of the DAI,cryptoarte,The Peak of Inflated Expectations,memorable,Dec-18-2017 03:10:38 AM +UTC,https://etherscan.io/block/4752008,./exhibits/4752008/artwork.png,./exhibits/4752008/description.txt
6610000,DevCon-4: Prague,garden,The Peak of Inflated Expectations,"milestone, buidl",Oct-30-2018 06:54:19 AM +UTC,https://etherscan.io/block/6610000,./exhibits/6610000/artwork.png,./exhibits/6610000/description.txt
